{"cameraMode":{"drawMode":0,"name":"Shaded","section":"Shading Mode"},"sceneLighting":false,"audioPlay":false,"sceneViewState":{"showFog":true,"showMaterialUpdate":false,"showSkybox":true,"showFlares":true,"showImageEffects":true,"showParticleSystems":true},"in2DMode":false,"pivot":{"x":-0.5629587769508362,"y":0.13297542929649354,"z":-0.824680745601654},"rotation":{"x":0.0109638050198555,"y":0.9173257350921631,"z":0.025321613997220994,"w":-0.3971802592277527},"size":1.558213233947754,"orthographic":false}