{"cameraMode":{"drawMode":0,"name":"Shaded","section":"Shading Mode"},"sceneLighting":false,"audioPlay":false,"sceneViewState":{"showFog":true,"showMaterialUpdate":false,"showSkybox":true,"showFlares":true,"showImageEffects":true,"showParticleSystems":true},"in2DMode":false,"pivot":{"x":-0.0000687912106513977,"y":0.0,"z":-0.37703096866607668},"rotation":{"x":-0.7034075856208801,"y":0.01150401122868061,"z":-0.011389623396098614,"w":-0.7106024026870728},"size":2.1241023540496828,"orthographic":false}